multistart,objective value,elapsed time
1,0.0,18.69013003499981
2,-3.095850802409265e-14,18.66052713299996
