multistart,objective value,elapsed time
1,0.0,17.64897785300127
2,-3.095850802409265e-14,7.355748885998764
