multistart,objective value,elapsed time
1,0.0,18.413330791000135
2,-3.095850802409265e-14,18.611872826999843
