multistart,objective value,elapsed time
1,0.0,19.559534800999927
2,-3.095850802409265e-14,18.5602025579999
