multistart,objective value,elapsed time
1,0.0,19.637762193999976
2,-3.095850802409265e-14,19.449899142999982
