multistart,objective value,elapsed time
1,0.0,12.107183780000014
2,-3.095850802409265e-14,18.628604753999753
