multistart,objective value,elapsed time
1,0.0,18.611791092000203
2,-3.095850802409265e-14,19.60110593799982
