multistart,objective value,elapsed time
1,0.0,18.775289464000025
2,-3.095850802409265e-14,18.598059647000127
