multistart,objective value,elapsed time
1,0.0,18.331881811998755
2,-3.095850802409265e-14,19.36099739099882
