multistart,objective value,elapsed time
1,0.0,18.75177657500035
2,-3.095850802409265e-14,18.77239019300032
