multistart,objective value,elapsed time
1,-2.0398036007340746e-14,18.433211365000034
2,-1.3871394042250712e-14,18.667451972000208
