multistart,objective value,elapsed time
1,-2.0398036007340746e-14,21.385494696000023
2,-1.3871394042250712e-14,18.694032743000207
