multistart,objective value,elapsed time
1,-2.0398036007340746e-14,10.336507281999957
2,-1.3871394042250712e-14,17.91305217199988
