multistart,objective value,elapsed time
1,-2.0398036007340746e-14,20.881164294000882
2,-1.3871394042250712e-14,19.488732935999906
