multistart,objective value,elapsed time
1,0.0,18.806251529999827
2,-3.095850802409265e-14,19.319850347999818
